Experiment_identifier_1,Experiment_identifier_2,TargetOchConc,Control_Type,Time_0,Time_1,Time_2,Time_3,Prey_0,Prey_1,Prey_2,Prey_3,Pred_0,Pred_1,Pred_2,Pred_3
584,A,0,Predator_Free,0,1,2,3,741,228,969,4883,0,0,0,0
584,A,25000,Predator_Free,0,1,2,3,20511,15726,24557,33501,0,0,0,0
584,A,50000,Predator_Free,0,1,2,3,49282,31967,57264,63883,0,0,0,0
584,A,75000,Predator_Free,0,1,2,3,76973,48726,77484,87685,0,0,0,0
584,A,100000,Predator_Free,0,1,2,3,107225,76510,89041,85538,0,0,0,0
584,A,125000,Predator_Free,0,1,2,3,125564,105118,100437,102322,0,0,0,0
584,A,0,Prey_Free,0,1,2,3,1140,570,1254,8465,1458,2160,700,800
584,A,25000,Treatment,0,1,2,3,18804,6670,7408,9543,850,1840,1080,1100
584,A,50000,Treatment,0,1,2,3,51112,14873,14511,24335,817,1650,1150,1040
584,A,75000,Treatment,0,1,2,3,67076,37895,16466,28909,930,2590,1290,1130
584,A,100000,Treatment,0,1,2,3,102270,39941,29403,64805,1120,1530,1190,1470
584,A,125000,Treatment,0,1,2,3,133891,51685,42801,55650,1280,2110,1925,1620
584,B,0,Predator_Free,0,1,2,3,627,513,684,3889,0,0,0,0
584,B,25000,Predator_Free,0,1,2,3,18063,25240,20337,30604,0,0,0,0
584,B,50000,Predator_Free,0,1,2,3,40119,33448,44606,56325,0,0,0,0
584,B,75000,Predator_Free,0,1,2,3,63817,83496,75490,70776,0,0,0,0
584,B,100000,Predator_Free,0,1,2,3,74919,68089,93327,85188,0,0,0,0
584,B,125000,Predator_Free,0,1,2,3,99753,108596,133311,84156,0,0,0,0
584,B,0,Prey_Free,0,1,2,3,855,513,570,7896,1270,2030,970,1000
584,B,25000,Treatment,0,1,2,3,18006,5641,6040,11159,760,2220,1330,1040
584,B,50000,Treatment,0,1,2,3,39778,17609,11567,19394,1350,1060,1150,1400
584,B,75000,Treatment,0,1,2,3,65409,21372,14586,32711,1060,1700,1620,1750
584,B,100000,Treatment,0,1,2,3,90588,16181,41085,48366,1030,1220,1500,1600
584,B,125000,Treatment,0,1,2,3,116404,34816,47294,37855,1130,1330,1790,2788
584,C,0,Predator_Free,0,1,2,3,684,741,570,2811,0,0,0,0
584,C,25000,Predator_Free,0,1,2,3,18746,21482,20281,38581,0,0,0,0
584,C,50000,Predator_Free,0,1,2,3,42569,47856,60785,73787,0,0,0,0
584,C,75000,Predator_Free,0,1,2,3,65063,50648,55490,78243,0,0,0,0
584,C,100000,Predator_Free,0,1,2,3,96565,75999,86817,117100,0,0,0,0
584,C,125000,Predator_Free,0,1,2,3,105514,105420,96761,125985,0,0,0,0
584,C,0,Prey_Free,0,1,2,3,912,855,3533,8408,1260,1160,1030,867
584,C,25000,Treatment,0,1,2,3,19201,5470,4103,11954,1050,1170,1130,1420
584,C,50000,Treatment,0,1,2,3,43073,11168,13731,23342,940,1570,1010,1270
584,C,75000,Treatment,0,1,2,3,63298,21650,10768,30895,1160,1690,1410,1630
584,C,100000,Treatment,0,1,2,3,91672,32588,19827,33875,820,940,1170,1890
584,C,125000,Treatment,0,1,2,3,109905,38288,33391,55826,1010,1160,1260,2130
590,A,0,Predator_Free,0,1,2,3,570,741,342,1025,0,0,0,0
590,A,25000,Predator_Free,0,1,2,3,4558,5300,5355,6267,0,0,0,0
590,A,50000,Predator_Free,0,1,2,3,25983,22788,20339,15953,0,0,0,0
590,A,75000,Predator_Free,0,1,2,3,31677,28089,24498,23644,0,0,0,0
590,A,100000,Predator_Free,0,1,2,3,34355,25694,32361,30365,0,0,0,0
590,A,125000,Predator_Free,0,1,2,3,46675,36066,31049,60111,0,0,0,0
590,A,0,Prey_Free,0,1,2,3,1254,969,456,969,610,660,460,380
590,A,25000,Treatment,0,1,2,3,4673,2678,2108,1425,840,1020,400,610
590,A,50000,Treatment,0,1,2,3,25413,9230,8946,10199,920,750,660,710
590,A,75000,Treatment,0,1,2,3,31909,11225,9857,6210,910,880,800,860
590,A,100000,Treatment,0,1,2,3,39088,12479,11169,4615,710,820,830,590
590,A,125000,Treatment,0,1,2,3,45015,17264,17891,5583,680,990,680,420
590,B,0,Predator_Free,0,1,2,3,741,918,969,1368,0,0,0,0
590,B,25000,Predator_Free,0,1,2,3,20456,19200,14869,19027,0,0,0,0
590,B,50000,Predator_Free,0,1,2,3,25467,23529,22334,14983,0,0,0,0
590,B,75000,Predator_Free,0,1,2,3,31506,19142,22731,33842,0,0,0,0
590,B,100000,Predator_Free,0,1,2,3,29626,23700,20053,40688,0,0,0,0
590,B,125000,Predator_Free,0,1,2,3,42160,29853,35671,49050,0,0,0,0
590,B,0,Prey_Free,0,1,2,3,1262,1311,570,1311,670,630,770,520
590,B,25000,Treatment,0,1,2,3,17722,7123,5072,3990,640,790,610,780
590,B,50000,Treatment,0,1,2,3,19373,8832,8205,12990,880,910,800,590
590,B,75000,Treatment,0,1,2,3,27464,10086,8604,8717,710,830,900,790
590,B,100000,Treatment,0,1,2,3,24899,7692,12078,14360,570,740,600,460
590,B,125000,Treatment,0,1,2,3,37383,13731,10085,6381,600,980,880,630
590,C,0,Predator_Free,0,1,2,3,969,402,1026,684,0,0,0,0
590,C,25000,Predator_Free,0,1,2,3,19715,12990,16236,21876,0,0,0,0
590,C,50000,Predator_Free,0,1,2,3,23702,21421,22217,23300,0,0,0,0
590,C,75000,Predator_Free,0,1,2,3,27979,25812,24725,29909,0,0,0,0
590,C,100000,Predator_Free,0,1,2,3,25351,10596,25693,34922,0,0,0,0
590,C,125000,Predator_Free,0,1,2,3,27863,22332,31560,36294,0,0,0,0
590,C,0,Prey_Free,0,1,2,3,798,684,456,399,600,580,480,760
590,C,25000,Treatment,0,1,2,3,18177,2621,13732,6666,900,810,450,640
590,C,50000,Treatment,0,1,2,3,23533,8376,9857,7863,630,810,800,620
590,C,75000,Treatment,0,1,2,3,22222,6837,11053,6096,620,1090,1190,960
590,C,100000,Treatment,0,1,2,3,20228,5926,6723,5583,690,1090,1325,1070
590,C,125000,Treatment,0,1,2,3,30142,5697,10198,4045,1460,1100,870,1350
1148,A,0,Predator_Free,0,1,2,3,969,1424,1823,2621,0,0,0,0
1148,A,25000,Predator_Free,0,1,2,3,8717,7350,9636,13959,0,0,0,0
1148,A,50000,Predator_Free,0,1,2,3,38802,37772,108491,74923,0,0,0,0
1148,A,75000,Predator_Free,0,1,2,3,45305,30483,64264,86706,0,0,0,0
1148,A,100000,Predator_Free,0,1,2,3,29000,25237,47687,41985,0,0,0,0
1148,A,125000,Predator_Free,0,1,2,3,84551,69510,103354,118953,0,0,0,0
1148,A,0,Prey_Free,0,1,2,3,741,741,456,969,1150,960,1000,1190
1148,A,25000,Treatment,0,1,2,3,7180,2279,2052,2051,1000,1340,890,1288
1148,A,50000,Treatment,0,1,2,3,38974,11339,17436,8832,1090,1130,890,860
1148,A,75000,Treatment,0,1,2,3,41541,13219,13674,14644,1080,1380,1213,980
1148,A,100000,Treatment,0,1,2,3,21882,6895,7921,11056,1070,1100,1190,1070
1148,A,125000,Treatment,0,1,2,3,74128,22447,29059,20172,1070,1350,1188,825
1148,B,0,Predator_Free,0,1,2,3,741,2165,2336,10540,0,0,0,0
1148,B,25000,Predator_Free,0,1,2,3,10085,8831,10654,14357,0,0,0,0
1148,B,50000,Predator_Free,0,1,2,3,41372,25807,50764,65800,0,0,0,0
1148,B,75000,Predator_Free,0,1,2,3,37146,25921,47455,58508,0,0,0,0
1148,B,100000,Predator_Free,0,1,2,3,31963,21363,33961,31560,0,0,0,0
1148,B,125000,Predator_Free,0,1,2,3,72270,53050,103746,131380,0,0,0,0
1148,B,0,Prey_Free,0,1,2,3,1083,1254,57,570,1070,730,690,620
1148,B,25000,Treatment,0,1,2,3,5812,1880,2222,1710,1660,1100,940,1210
1148,B,50000,Treatment,0,1,2,3,32705,7236,20512,10484,1000,830,1150,980
1148,B,75000,Treatment,0,1,2,3,34016,7977,13959,6894,1270,1275,930,1588
1148,B,100000,Treatment,0,1,2,3,23076,5185,4786,6667,1110,1089,830,1070
1148,B,125000,Treatment,0,1,2,3,78002,18804,28544,14301,1370,1400,930,780
1148,C,0,Predator_Free,0,1,2,3,1196,684,570,456,0,0,0,0
1148,C,25000,Predator_Free,0,1,2,3,6894,5755,11453,39375,0,0,0,0
1148,C,50000,Predator_Free,0,1,2,3,39310,30421,41131,51843,0,0,0,0
1148,C,75000,Predator_Free,0,1,2,3,41821,49109,38056,60898,0,0,0,0
1148,C,100000,Predator_Free,0,1,2,3,24834,20623,28713,49563,0,0,0,0
1148,C,125000,Predator_Free,0,1,2,3,53780,43637,52867,46969,0,0,0,0
1148,C,0,Prey_Free,0,1,2,3,1026,1311,798,969,940,1250,1030,1100
1148,C,25000,Treatment,0,1,2,3,6724,1710,1596,1482,1040,1240,950,810
1148,C,50000,Treatment,0,1,2,3,38403,10372,5756,5755,1070,1260,1000,970
1148,C,75000,Treatment,0,1,2,3,35098,10541,13792,5642,1400,1020,889,1470
1148,C,100000,Treatment,0,1,2,3,62289,16982,13677,37157,1137,1220,940,1550
1148,C,125000,Treatment,0,1,2,3,81323,36922,36579,55731,1300,1070,930,2500
1391,A,0,Predator_Free,0,1,2,3,855,285,342,3191,0,0,0,0
1391,A,25000,Predator_Free,0,1,2,3,13786,36173,40792,18173,0,0,0,0
1391,A,50000,Predator_Free,0,1,2,3,40389,21931,54815,39652,0,0,0,0
1391,A,75000,Predator_Free,0,1,2,3,46029,63917,110415,53608,0,0,0,0
1391,A,100000,Predator_Free,0,1,2,3,57365,55997,87227,72973,0,0,0,0
1391,A,125000,Predator_Free,0,1,2,3,73430,99576,118409,140819,0,0,0,0
1391,A,0,Prey_Free,0,1,2,3,1197,627,2109,3363,810,950,520,580
1391,A,25000,Treatment,0,1,2,3,17720,8489,12592,45864,610,910,690,870
1391,A,50000,Treatment,0,1,2,3,45293,12249,15156,12534,600,1110,770,670
1391,A,75000,Treatment,0,1,2,3,42794,9628,23593,30310,620,1290,940,1170
1391,A,100000,Treatment,0,1,2,3,54471,20395,45242,30709,630,920,1110,900
1391,A,125000,Treatment,0,1,2,3,67912,47803,20344,36691,630,940,1630,1175
1391,B,0,Predator_Free,0,1,2,3,513,285,228,3646,0,0,0,0
1391,B,25000,Predator_Free,0,1,2,3,17091,20451,19824,19425,0,0,0,0
1391,B,50000,Predator_Free,0,1,2,3,54348,42496,43238,34862,0,0,0,0
1391,B,75000,Predator_Free,0,1,2,3,42782,108123,58059,40962,0,0,0,0
1391,B,100000,Predator_Free,0,1,2,3,67961,110285,58504,77815,0,0,0,0
1391,B,125000,Predator_Free,0,1,2,3,72803,77988,115359,167826,0,0,0,0
1391,B,0,Prey_Free,0,1,2,3,912,513,1140,4844,610,690,810,360
1391,B,25000,Treatment,0,1,2,3,9230,8433,22054,11338,850,840,1210,890
1391,B,50000,Treatment,0,1,2,3,22562,22961,6553,15212,540,890,980,750
1391,B,75000,Treatment,0,1,2,3,31451,6666,14360,25924,530,980,970,1250
1391,B,100000,Treatment,0,1,2,3,41363,8774,14928,16123,630,1050,1230,980
1391,B,125000,Treatment,0,1,2,3,78284,25695,8717,30654,870,1150,1250,1140
1391,C,0,Predator_Free,0,1,2,3,798,627,570,4900,0,0,0,0
1391,C,25000,Predator_Free,0,1,2,3,14356,9513,16122,53548,0,0,0,0
1391,C,50000,Predator_Free,0,1,2,3,29566,23982,35264,38908,0,0,0,0
1391,C,75000,Predator_Free,0,1,2,3,42952,38566,44149,81692,0,0,0,0
1391,C,100000,Predator_Free,0,1,2,3,70410,72063,72516,91770,0,0,0,0
1391,C,125000,Predator_Free,0,1,2,3,85508,118552,130624,218404,0,0,0,0
1391,C,0,Prey_Free,0,1,2,3,912,228,1140,4616,530,630,650,590
1391,C,25000,Treatment,0,1,2,3,10199,18119,8546,35502,570,650,1113,930
1391,C,50000,Treatment,0,1,2,3,21309,9913,10256,33220,630,1020,980,1080
1391,C,75000,Treatment,0,1,2,3,22561,12591,6609,16636,620,1020,1020,1390
1391,C,100000,Treatment,0,1,2,3,41648,12534,16011,22111,620,690,1160,1280
1391,C,125000,Treatment,0,1,2,3,63473,11964,11110,37719,720,930,1490,1690
1392,A,0,Predator_Free,0,1,2,3,540,342,342,3875,0,0,0,0
1392,A,25000,Predator_Free,0,1,2,3,12322,9572,15440,31963,0,0,0,0
1392,A,50000,Predator_Free,0,1,2,3,43617,40451,70739,77736,0,0,0,0
1392,A,75000,Predator_Free,0,1,2,3,73042,76486,68838,57092,0,0,0,0
1392,A,100000,Predator_Free,0,1,2,3,85229,85361,74696,85638,0,0,0,0
1392,A,125000,Predator_Free,0,1,2,3,122268,81721,72313,111282,0,0,0,0
1392,A,0,Prey_Free,0,1,2,3,2641,1140,798,6270,730,620,590,550
1392,A,25000,Treatment,0,1,2,3,13176,4616,3875,9004,700,820,570,640
1392,A,50000,Treatment,0,1,2,3,46806,24617,17549,21653,830,640,820,1340
1392,A,75000,Treatment,0,1,2,3,70411,47884,43775,29517,890,990,1310,1550
1392,A,100000,Treatment,0,1,2,3,91379,64961,25353,33848,630,890,1160,1780
1392,A,125000,Treatment,0,1,2,3,116273,79037,29057,26447,880,880,1260,1790
1392,B,0,Predator_Free,0,1,2,3,738,285,285,18294,0,0,0,0
1392,B,25000,Predator_Free,0,1,2,3,28252,42289,45639,38135,0,0,0,0
1392,B,50000,Predator_Free,0,1,2,3,46915,41828,35890,107462,0,0,0,0
1392,B,75000,Predator_Free,0,1,2,3,71567,54189,65084,115402,0,0,0,0
1392,B,100000,Predator_Free,0,1,2,3,102230,104492,85721,114071,0,0,0,0
1392,B,125000,Predator_Free,0,1,2,3,151421,132182,132527,226415,0,0,0,0
1392,B,0,Prey_Free,0,1,2,3,1761,741,1539,115945,600,990,880,540
1392,B,25000,Treatment,0,1,2,3,24479,12880,9746,110817,470,1140,1320,590
1392,B,50000,Treatment,0,1,2,3,45783,37334,19600,51626,460,920,1120,1140
1392,B,75000,Treatment,0,1,2,3,92359,25137,27176,62115,650,880,1420,1650
1392,B,100000,Treatment,0,1,2,3,89016,39941,30484,76493,640,1320,1220,1620
1392,B,125000,Treatment,0,1,2,3,99617,48100,34759,140641,660,1090,1190,2730
1392,C,0,Predator_Free,0,1,2,3,823,285,342,11796,0,0,0,0
1392,C,25000,Predator_Free,0,1,2,3,26974,26897,46850,46216,0,0,0,0
1392,C,50000,Predator_Free,0,1,2,3,25245,22562,23131,33731,0,0,0,0
1392,C,75000,Predator_Free,0,1,2,3,53356,58007,51280,58636,0,0,0,0
1392,C,100000,Predator_Free,0,1,2,3,103463,86996,118191,70477,0,0,0,0
1392,C,125000,Predator_Free,0,1,2,3,42929,38060,54482,38914,0,0,0,0
1392,C,0,Prey_Free,0,1,2,3,2613,3647,2679,174068,1040,930,1280,1470
1392,C,25000,Treatment,0,1,2,3,24138,10145,5015,82774,630,1090,990,1987
1392,C,50000,Treatment,0,1,2,3,20900,9290,7579,137076,1000,1070,1080,1420
1392,C,75000,Treatment,0,1,2,3,46148,21314,25358,96377,680,1270,1580,2100
1392,C,100000,Treatment,0,1,2,3,86220,61601,27631,249674,700,1340,1790,1700
1392,C,125000,Treatment,0,1,2,3,44100,31176,22052,135186,1110,1540,1950,2580
1393,A,0,Predator_Free,0,1,2,3,568,114,285,32716,0,0,0,0
1393,A,25000,Predator_Free,0,1,2,3,12548,6665,8032,54927,0,0,0,0
1393,A,50000,Predator_Free,0,1,2,3,36936,28484,24838,48658,0,0,0,0
1393,A,75000,Predator_Free,0,1,2,3,53148,32585,18571,99390,0,0,0,0
1393,A,100000,Predator_Free,0,1,2,3,122637,30876,22900,84151,0,0,0,0
1393,A,125000,Predator_Free,0,1,2,3,82614,44832,68815,56030,0,0,0,0
1393,A,0,Prey_Free,0,1,2,3,1904,684,2280,8663,830,620,1000,650
1393,A,25000,Treatment,0,1,2,3,10790,3988,7464,13048,940,820,730,830
1393,A,50000,Treatment,0,1,2,3,29503,28604,9288,16752,910,670,1330,890
1393,A,75000,Treatment,0,1,2,3,50290,21253,12136,17494,1000,830,1280,1240
1393,A,100000,Treatment,0,1,2,3,67096,23131,15725,22854,850,1290,1770,790
1393,A,125000,Treatment,0,1,2,3,96228,26779,20111,33450,930,1360,1810,1230
1393,B,0,Predator_Free,0,1,2,3,483,171,456,70214,0,0,0,0
1393,B,25000,Predator_Free,0,1,2,3,9766,6323,8203,71452,0,0,0,0
1393,B,50000,Predator_Free,0,1,2,3,30635,24098,24553,151225,0,0,0,0
1393,B,75000,Predator_Free,0,1,2,3,23736,16749,16122,73362,0,0,0,0
1393,B,100000,Predator_Free,0,1,2,3,61152,31447,27970,133716,0,0,0,0
1393,B,125000,Predator_Free,0,1,2,3,83497,35433,45819,142597,0,0,0,0
1393,B,0,Prey_Free,0,1,2,3,2101,1140,456,5909,690,700,690,1060
1393,B,25000,Treatment,0,1,2,3,9286,4330,3248,15554,650,800,700,1170
1393,B,50000,Treatment,0,1,2,3,7696,4730,3134,10426,810,730,1180,1200
1393,B,75000,Treatment,0,1,2,3,21524,10314,7805,13274,570,860,1150,1140
1393,B,100000,Treatment,0,1,2,3,60565,17377,12192,16579,780,810,1610,1250
1393,B,125000,Treatment,0,1,2,3,54917,38741,21594,16014,670,890,1190,1480
1393,C,0,Predator_Free,0,1,2,3,625,570,513,5071,0,0,0,0
1393,C,25000,Predator_Free,0,1,2,3,10788,7292,8716,6665,0,0,0,0
1393,C,50000,Predator_Free,0,1,2,3,10903,8261,5640,7919,0,0,0,0
1393,C,75000,Predator_Free,0,1,2,3,25157,15382,12874,14698,0,0,0,0
1393,C,100000,Predator_Free,0,1,2,3,48406,26889,26888,29280,0,0,0,0
1393,C,125000,Predator_Free,0,1,2,3,69017,50301,30647,58789,0,0,0,0
1393,C,0,Prey_Free,0,1,2,3,1732,1995,1596,7693,950,800,1200,880
1393,C,25000,Treatment,0,1,2,3,9172,3362,6610,8660,600,680,1130,1060
1393,C,50000,Treatment,0,1,2,3,11672,3761,2735,9579,620,970,1020,930
1393,C,75000,Treatment,0,1,2,3,29957,24898,15840,27863,670,940,1110,1010
1393,C,100000,Treatment,0,1,2,3,66049,17718,11337,15325,640,970,1450,1250
1393,C,125000,Treatment,0,1,2,3,62467,23531,15555,21540,760,1090,1300,1560
2951,A,0,Predator_Free,0,1,2,3,912,2051,1139,2279,0,0,0,0
2951,A,25000,Predator_Free,0,1,2,3,9401,10938,22047,15552,0,0,0,0
2951,A,50000,Predator_Free,0,1,2,3,51902,53038,62099,58738,0,0,0,0
2951,A,75000,Predator_Free,0,1,2,3,51347,56355,27406,20054,0,0,0,0
2951,A,100000,Predator_Free,0,1,2,3,109626,88816,105344,130630,0,0,0,0
2951,A,125000,Predator_Free,0,1,2,3,114067,82035,73033,,0,0,0,0
2951,A,0,Prey_Free,0,1,2,3,4332,2109,7352,14876,470,910,510,480
2951,A,25000,Treatment,0,1,2,3,15100,9807,23305,43244,490,1070,250,490
2951,A,50000,Treatment,0,1,2,3,70653,31680,28599,66659,710,1440,760,790
2951,A,75000,Treatment,0,1,2,3,53064,22686,32542,23366,600,1310,710,830
2951,A,100000,Treatment,0,1,2,3,127119,81241,63982,102048,550,1180,790,1540
2951,A,125000,Treatment,0,1,2,3,113216,120560,67525,75039,710,1150,1080,1410
2951,B,0,Predator_Free,0,1,2,3,1368,2621,1310,1595,0,0,0,0
2951,B,25000,Predator_Free,0,1,2,3,8318,6894,14413,12248,0,0,0,0
2951,B,50000,Predator_Free,0,1,2,3,37259,41080,51156,61696,0,0,0,0
2951,B,75000,Predator_Free,0,1,2,3,98561,86363,40047,62607,0,0,0,0
2951,B,100000,Predator_Free,0,1,2,3,107861,65285,88185,119409,0,0,0,0
2951,B,125000,Predator_Free,0,1,2,3,120839,68703,71893,154730,0,0,0,0
2951,B,0,Prey_Free,0,1,2,3,5527,3591,2223,20348,430,600,590,1160
2951,B,25000,Treatment,0,1,2,3,16695,16922,18345,43415,380,640,810,1160
2951,B,50000,Treatment,0,1,2,3,63816,40679,31162,52300,440,710,805,1030
2951,B,75000,Treatment,0,1,2,3,78347,52362,36690,47800,600,910,790,790
2951,B,100000,Treatment,0,1,2,3,101305,88366,45008,58577,580,760,1220,1380
2951,B,125000,Treatment,0,1,2,3,106491,105003,68313,57830,570,1150,1510,1780
2951,C,0,Predator_Free,0,1,2,3,2279,1424,855,3134,0,0,0,0
2951,C,25000,Predator_Free,0,1,2,3,13731,12932,9229,20166,0,0,0,0
2951,C,50000,Predator_Free,0,1,2,3,40563,67507,65114,74915,0,0,0,0
2951,C,75000,Predator_Free,0,1,2,3,77833,47806,39881,73835,0,0,0,0
2951,C,100000,Predator_Free,0,1,2,3,116134,79926,121571,152338,0,0,0,0
2951,C,125000,Predator_Free,0,1,2,3,139418,69673,83173,98671,0,0,0,0
2951,C,0,Prey_Free,0,1,2,3,6325,1938,2849,5243,510,1000,650,1280
2951,C,25000,Treatment,0,1,2,3,27578,9001,16009,34069,710,790,1250,500
2951,C,50000,Treatment,0,1,2,3,59996,19085,43185,77196,690,660,1080,1280
2951,C,75000,Treatment,0,1,2,3,173229,95095,120953,,670,790,1440,1210
2951,C,100000,Treatment,0,1,2,3,146262,65290,69163,88142,660,840,1060,1370
2951,C,125000,Treatment,0,1,2,3,133722,57944,88540,53782,700,790,1500,1550
1150,A,0,Predator_Free,0,1,2,3,855,1083,285,2953,0,0,0,0
1150,A,25000,Predator_Free,0,1,2,3,24556,35440,45633,68292,0,0,0,0
1150,A,50000,Predator_Free,0,1,2,3,33281,36808,45407,80783,0,0,0,0
1150,A,75000,Predator_Free,0,1,2,3,45924,38349,54579,89394,0,0,0,0
1150,A,100000,Predator_Free,0,1,2,3,58003,54193,71162,98714,0,0,0,0
1150,A,125000,Predator_Free,0,1,2,3,70937,56637,72410,104171,0,0,0,0
1150,A,0,Prey_Free,0,1,2,3,3077,2337,1824,9003,260,550,160,620
1150,A,25000,Treatment,0,1,2,3,26098,23020,32819,31916,220,610,730,750
1150,A,50000,Treatment,0,1,2,3,39088,30038,48486,50712,350,500,640,470
1150,A,75000,Treatment,0,1,2,3,46039,37495,47632,46367,370,1000,580,610
1150,A,100000,Treatment,0,1,2,3,65129,58063,79594,71637,470,770,720,620
1150,A,125000,Treatment,0,1,2,3,74872,58064,59766,62127,310,1460,370,860
1150,B,0,Predator_Free,0,1,2,3,1083,684,570,1903,0,0,0,0
1150,B,25000,Predator_Free,0,1,2,3,27063,29855,56985,76587,0,0,0,0
1150,B,50000,Predator_Free,0,1,2,3,36864,36123,46720,85358,0,0,0,0
1150,B,75000,Predator_Free,0,1,2,3,46670,37318,63693,74931,0,0,0,0
1150,B,100000,Predator_Free,0,1,2,3,67003,68085,87222,96888,0,0,0,0
1150,B,125000,Predator_Free,0,1,2,3,76573,72424,68651,94787,0,0,0,0
1150,B,0,Prey_Free,0,1,2,3,3248,2679,1539,6761,280,150,260,890
1150,B,25000,Treatment,0,1,2,3,31511,22793,25869,28715,380,290,250,680
1150,B,50000,Treatment,0,1,2,3,40286,32539,48088,51680,540,310,330,640
1150,B,75000,Treatment,0,1,2,3,50257,41938,42844,58269,370,330,625,860
1150,B,100000,Treatment,0,1,2,3,68778,50654,55612,48611,310,280,620,800
1150,B,125000,Treatment,0,1,2,3,76132,54812,61646,63660,370,590,890,780
1150,C,0,Predator_Free,0,1,2,3,912,918,741,1789,0,0,0,0
1150,C,25000,Predator_Free,0,1,2,3,24385,25412,46773,63769,0,0,0,0
1150,C,50000,Predator_Free,0,1,2,3,39488,33671,61758,97099,0,0,0,0
1150,C,75000,Predator_Free,0,1,2,3,60850,57769,80842,121318,0,0,0,0
1150,C,100000,Predator_Free,0,1,2,3,59429,46205,62325,84674,0,0,0,0
1150,C,125000,Predator_Free,0,1,2,3,71519,61716,103464,126504,0,0,0,0
1150,C,0,Prey_Free,0,1,2,3,3305,2508,1482,5567,550,410,640,720
1150,C,25000,Treatment,0,1,2,3,32308,24503,34528,37032,340,530,390,600
1150,C,50000,Treatment,0,1,2,3,37036,37264,59481,37052,400,370,270,660
1150,C,75000,Treatment,0,1,2,3,82734,70651,99417,93559,440,290,630,950
1150,C,100000,Treatment,0,1,2,3,62682,46325,54867,45998,460,350,750,880
1150,C,125000,Treatment,0,1,2,3,77266,52879,58968,56190,480,710,830,800
1393,A,0,Predator_Free,0,1,2,3,0,0,0,171,0,0,0,0
1393,A,25000,Predator_Free,0,1,2,3,17831,19198,30705,49618,0,0,0,0
1393,A,50000,Predator_Free,0,1,2,3,45804,39308,64317,86821,0,0,0,0
1393,A,75000,Predator_Free,0,1,2,3,57139,59075,86534,97017,0,0,0,0
1393,A,100000,Predator_Free,0,1,2,3,106818,113825,152044,170409,0,0,0,0
1393,A,125000,Predator_Free,0,1,2,3,133540,106759,152635,177228,0,0,0,0
1393,A,0,Prey_Free,0,1,2,3,684,11224,513,399,720,680,180,460
1393,A,25000,Treatment,0,1,2,3,14357,2222,1937,513,70,430,210,90
1393,A,50000,Treatment,0,1,2,3,32931,8375,6324,1937,2670,810,190,460
1393,A,75000,Treatment,0,1,2,3,50650,11282,9287,2222,2730,1080,200,1080
1393,A,100000,Treatment,0,1,2,3,85059,17947,15441,3817,930,1680,420,1780
1393,A,125000,Treatment,0,1,2,3,95375,19887,19031,5185,430,360,210,1240
1393,B,0,Predator_Free,0,1,2,3,342,114,1595,2165,0,0,0,0
1393,B,25000,Predator_Free,0,1,2,3,17262,20394,30477,32575,0,0,0,0
1393,B,50000,Predator_Free,0,1,2,3,31960,37144,42954,67792,0,0,0,0
1393,B,75000,Predator_Free,0,1,2,3,55716,62778,87277,81067,0,0,0,0
1393,B,100000,Predator_Free,0,1,2,3,76168,85109,125102,130637,0,0,0,0
1393,B,125000,Predator_Free,0,1,2,3,105965,134727,142987,136799,0,0,0,0
1393,B,0,Prey_Free,0,1,2,3,570,57,342,0,720,850,330,970
1393,B,25000,Treatment,0,1,2,3,13420,3269,2165,399,710,590,140,280
1393,B,50000,Treatment,0,1,2,3,30139,9401,4729,1766,180,580,590,510
1393,B,75000,Treatment,0,1,2,3,54128,12022,6096,1709,890,580,380,620
1393,B,100000,Treatment,0,1,2,3,88372,24730,9800,2735,2590,980,500,520
1393,B,125000,Treatment,0,1,2,3,100101,19658,9516,2792,810,580,740,1030
1393,C,0,Predator_Free,0,1,2,3,342,114,285,0,0,0,0,0
1393,C,25000,Predator_Free,0,1,2,3,19141,21533,30534,33497,0,0,0,0
1393,C,50000,Predator_Free,0,1,2,3,43296,45403,60614,61011,0,0,0,0
1393,C,75000,Predator_Free,0,1,2,3,48251,63005,61256,73375,0,0,0,0
1393,C,100000,Predator_Free,0,1,2,3,99295,115476,116728,128861,0,0,0,0
1393,C,125000,Predator_Free,0,1,2,3,125330,150622,129262,167498,0,0,0,0
1393,C,0,Prey_Free,0,1,2,3,456,285,171,342,420,610,700,530
1393,C,25000,Treatment,0,1,2,3,13165,3532,1538,798,2730,810,1220,500
1393,C,50000,Treatment,0,1,2,3,28656,6381,3020,1197,680,600,380,1200
1393,C,75000,Treatment,0,1,2,3,47402,9856,4558,1368,420,660,880,730
1393,C,100000,Treatment,0,1,2,3,77538,18232,9629,3988,100,470,1320,880
1393,C,125000,Treatment,0,1,2,3,105565,19316,9459,4445,1140,730,1510,1630
1150,A,0,Predator_Free,0,1,2,3,114,399,114,1994,0,0,0,0
1150,A,25000,Predator_Free,0,1,2,3,4785,4273,5413,5754,0,0,0,0
1150,A,50000,Predator_Free,0,1,2,3,4159,5526,9572,7635,0,0,0,0
1150,A,75000,Predator_Free,0,1,2,3,6882,16921,16465,13616,0,0,0,0
1150,A,100000,Predator_Free,0,1,2,3,25577,24783,31049,18800,0,0,0,0
1150,A,125000,Predator_Free,0,1,2,3,11678,31109,34981,44893,0,0,0,0
1150,A,0,Prey_Free,0,1,2,3,1026,1026,1197,2051,230,180,240,130
1150,A,25000,Treatment,0,1,2,3,3704,3305,4786,9686,230,320,330,190
1150,A,50000,Treatment,0,1,2,3,4843,5812,9972,7292,530,130,250,90
1150,A,75000,Treatment,0,1,2,3,6950,7123,10882,8546,310,300,460,310
1150,A,100000,Treatment,0,1,2,3,12421,24841,24841,14358,300,120,430,230
1150,A,125000,Treatment,0,1,2,3,18347,24444,29513,17833,250,240,240,280
1150,B,0,Predator_Free,0,1,2,3,684,912,285,1823,0,0,0,0
1150,B,25000,Predator_Free,0,1,2,3,4330,2222,5413,7178,0,0,0,0
1150,B,50000,Predator_Free,0,1,2,3,4557,3988,10426,10768,0,0,0,0
1150,B,75000,Predator_Free,0,1,2,3,8887,5583,16978,11109,0,0,0,0
1150,B,100000,Predator_Free,0,1,2,3,21249,18231,46888,36290,0,0,0,0
1150,B,125000,Predator_Free,0,1,2,3,19141,25466,50648,35893,0,0,0,0
1150,B,0,Prey_Free,0,1,2,3,1196,1766,1140,1710,400,160,120,100
1150,B,25000,Treatment,0,1,2,3,4672,3704,4102,8603,230,110,290,100
1150,B,50000,Treatment,0,1,2,3,8259,5242,7227,10711,350,230,270,210
1150,B,75000,Treatment,0,1,2,3,9686,7977,9059,11281,250,290,300,200
1150,B,100000,Treatment,0,1,2,3,15496,20512,17662,19200,280,230,250,250
1150,B,125000,Treatment,0,1,2,3,19769,19201,25354,21478,220,220,230,330
1150,C,0,Predator_Free,0,1,2,3,570,684,285,1538,0,0,0,0
1150,C,25000,Predator_Free,0,1,2,3,2279,4444,2336,5412,0,0,0,0
1150,C,50000,Predator_Free,0,1,2,3,3076,3760,5527,5355,0,0,0,0
1150,C,75000,Predator_Free,0,1,2,3,7463,5868,7065,9913,0,0,0,0
1150,C,100000,Predator_Free,0,1,2,3,15495,11508,22162,25240,0,0,0,0
1150,C,125000,Predator_Free,0,1,2,3,21761,29283,38514,44721,0,0,0,0
1150,C,0,Prey_Free,0,1,2,3,1367,1033,1710,2394,200,140,130,160
1150,C,25000,Treatment,0,1,2,3,3475,2564,2792,9002,280,150,250,100
1150,C,50000,Treatment,0,1,2,3,4900,3647,5242,8489,240,230,300,130
1150,C,75000,Treatment,0,1,2,3,5982,5641,5507,10768,210,250,330,150
1150,C,100000,Treatment,0,1,2,3,12306,18061,18461,15952,150,230,240,140
1150,C,125000,Treatment,0,1,2,3,19655,16010,14016,13730,160,290,310,230
1393R,A,0,Predator_Free,0,1,2,3,57,399,285,285,0,0,0,0
1393R,A,10000,Predator_Free,0,1,2,3,36750,33675,43699,70251,0,0,0,0
1393R,A,15000,Predator_Free,0,1,2,3,47754,66613,81020,115259,0,0,0,0
1393R,A,20000,Predator_Free,0,1,2,3,75609,105873,135385,141529,0,0,0,0
1393R,A,40000,Predator_Free,0,1,2,3,97280,135402,165752,200578,0,0,0,0
1393R,A,50000,Predator_Free,0,1,2,3,128122,156491,208461,239394,0,0,0,0
1393R,A,0,Prey_Free,0,1,2,3,570,969,741,456,170,130,180,130
1393R,A,10000,Treatment,0,1,2,3,23589,17436,12765,9002,420,230,230,240
1393R,A,15000,Treatment,0,1,2,3,48417,47880,46728,39089,350,290,440,700
1393R,A,20000,Treatment,0,1,2,3,72032,81095,93279,110487,300,130,290,380
1393R,A,40000,Treatment,0,1,2,3,94084,106738,130552,163886,460,110,320,330
1393R,A,50000,Treatment,0,1,2,3,129310,139217,198634,260611,540,160,200,140
1393R,B,0,Predator_Free,0,1,2,3,570,1367,570,399,0,0,0,0
1393R,B,10000,Predator_Free,0,1,2,3,25641,37036,60507,83431,0,0,0,0
1393R,B,15000,Predator_Free,0,1,2,3,44274,60628,78856,112695,0,0,0,0
1393R,B,20000,Predator_Free,0,1,2,3,81495,115911,157497,201879,0,0,0,0
1393R,B,40000,Predator_Free,0,1,2,3,110097,123889,165818,198359,0,0,0,0
1393R,B,50000,Predator_Free,0,1,2,3,125936,156660,233041,315286,0,0,0,0
1393R,B,0,Prey_Free,0,1,2,3,1196,1026,1262,627,230,150,130,110
1393R,B,10000,Treatment,0,1,2,3,27237,16298,7579,6040,330,140,390,290
1393R,B,15000,Treatment,0,1,2,3,48497,45190,47299,54304,230,130,340,590
1393R,B,20000,Treatment,0,1,2,3,78811,84457,104226,134711,280,180,250,210
1393R,B,40000,Treatment,0,1,2,3,100928,118040,152210,196774,210,130,350,270
1393R,B,50000,Treatment,0,1,2,3,129252,160651,202274,285562,310,110,250,80
1393R,C,0,Predator_Free,0,1,2,3,684,684,285,513,0,0,0,0
1393R,C,10000,Predator_Free,0,1,2,3,25640,33389,44270,75043,0,0,0,0
1393R,C,15000,Predator_Free,0,1,2,3,53622,65301,67517,117314,0,0,0,0
1393R,C,20000,Predator_Free,0,1,2,3,80750,104453,113060,163417,0,0,0,0
1393R,C,40000,Predator_Free,0,1,2,3,105937,126166,117890,184098,0,0,0,0
1393R,C,50000,Predator_Free,0,1,2,3,134395,173940,194686,252653,0,0,0,0
1393R,C,0,Prey_Free,0,1,2,3,1082,627,399,399,240,220,130,80
1393R,C,10000,Treatment,0,1,2,3,34874,29404,24046,27182,160,230,280,450
1393R,C,15000,Treatment,0,1,2,3,50602,51059,52083,68545,440,210,230,330
1393R,C,20000,Treatment,0,1,2,3,75115,79969,85306,108549,320,150,130,230
1393R,C,40000,Treatment,0,1,2,3,104070,118647,139148,194438,330,190,220,180
1393R,C,50000,Treatment,0,1,2,3,128563,148851,180482,238323,310,130,140,130
2951,A,0,Predator_Free,0,1,2,3,741,0,0,57,0,0,0,0
2951,A,25000,Predator_Free,0,1,2,3,14071,16064,11222,16634,0,0,0,0
2951,A,50000,Predator_Free,0,1,2,3,21648,21134,21419,20678,0,0,0,0
2951,A,75000,Predator_Free,0,1,2,3,34978,27913,27401,32528,0,0,0,0
2951,A,100000,Predator_Free,0,1,2,3,46087,37882,34635,41305,0,0,0,0
2951,A,125000,Predator_Free,0,1,2,3,78560,49049,55205,42610,0,0,0,0
2951,A,0,Prey_Free,0,1,2,3,3647,1367,912,1709,380,710,190,300
2951,A,25000,Treatment,0,1,2,3,14415,13616,9172,9628,580,540,380,460
2951,A,50000,Treatment,0,1,2,3,28884,18802,9571,15780,510,570,280,440
2951,A,75000,Treatment,0,1,2,3,44840,20224,13787,15212,580,630,620,860
2951,A,100000,Treatment,0,1,2,3,62839,29228,19375,14585,740,610,390,780
2951,A,125000,Treatment,0,1,2,3,100332,49002,17379,20283,630,710,440,500
2951,B,0,Predator_Free,0,1,2,3,968,57,0,0,0,0,0,0
2951,B,25000,Predator_Free,0,1,2,3,10938,11108,16919,20849,0,0,0,0
2951,B,50000,Predator_Free,0,1,2,3,24268,22558,19824,13557,0,0,0,0
2951,B,75000,Predator_Free,0,1,2,3,30933,28710,26432,37255,0,0,0,0
2951,B,100000,Predator_Free,0,1,2,3,46656,47909,25634,21648,0,0,0,0
2951,B,125000,Predator_Free,0,1,2,3,63470,40502,72293,68086,0,0,0,0
2951,B,0,Prey_Free,0,1,2,3,2222,969,741,1367,620,420,580,280
2951,B,25000,Treatment,0,1,2,3,19143,10197,6267,8489,670,410,700,250
2951,B,50000,Treatment,0,1,2,3,35953,17034,8774,17717,910,230,600,230
2951,B,75000,Treatment,0,1,2,3,42957,26434,16293,18915,650,340,830,500
2951,B,100000,Treatment,0,1,2,3,44326,34922,21194,19142,540,360,1080,230
2951,B,125000,Treatment,0,1,2,3,87736,37204,24615,24499,580,330,800,680
2951,C,0,Predator_Free,0,1,2,3,1652,0,0,57,0,0,0,0
2951,C,25000,Predator_Free,0,1,2,3,13102,13387,17035,11621,0,0,0,0
2951,C,50000,Predator_Free,0,1,2,3,21818,17944,16292,14526,0,0,0,0
2951,C,75000,Predator_Free,0,1,2,3,37598,21020,20507,25463,0,0,0,0
2951,C,100000,Predator_Free,0,1,2,3,48312,38739,33725,23925,0,0,0,0
2951,C,125000,Predator_Free,0,1,2,3,62208,50305,47688,69214,0,0,0,0
2951,C,0,Prey_Free,0,1,2,3,1823,855,741,627,490,370,280,310
2951,C,25000,Treatment,0,1,2,3,16123,12478,5755,10711,500,430,550,670
2951,C,50000,Treatment,0,1,2,3,27463,15383,8204,13218,760,420,400,350
2951,C,75000,Treatment,0,1,2,3,35892,19713,9742,18344,530,320,520,420
2951,C,100000,Treatment,0,1,2,3,69051,19486,10141,20453,430,530,520,680
2951,C,125000,Treatment,0,1,2,3,88194,35441,10882,25638,580,680,610,720
2951R,A,0,Predator_Free,0,1,2,3,57,285,0,0,0,0,0,0
2951R,A,25000,Predator_Free,0,1,2,3,20509,17546,28999,36746,0,0,0,0
2951R,A,50000,Predator_Free,0,1,2,3,29340,22103,58348,43070,0,0,0,0
2951R,A,75000,Predator_Free,0,1,2,3,59320,45065,82073,97146,0,0,0,0
2951R,A,100000,Predator_Free,0,1,2,3,79139,60102,101192,102102,0,0,0,0
2951R,A,125000,Predator_Free,0,1,2,3,100481,113153,192234,164348,0,0,0,0
2951R,A,0,Prey_Free,0,1,2,3,399,228,57,1254,380,590,480,330
2951R,A,25000,Treatment,0,1,2,3,28258,13161,12648,19485,430,570,300,530
2951R,A,50000,Treatment,0,1,2,3,46662,20795,10881,15326,480,360,530,490
2951R,A,75000,Treatment,0,1,2,3,70193,27746,34301,27178,420,610,480,820
2951R,A,100000,Treatment,0,1,2,3,97374,55903,51508,23702,260,340,690,930
2951R,A,125000,Treatment,0,1,2,3,131482,74713,70547,44274,370,500,670,1020
2951R,B,0,Predator_Free,0,1,2,3,0,0,0,57,0,0,0,0
2951R,B,25000,Predator_Free,0,1,2,3,20510,26149,21135,24440,0,0,0,0
2951R,B,50000,Predator_Free,0,1,2,3,47231,26775,42157,40909,0,0,0,0
2951R,B,75000,Predator_Free,0,1,2,3,69404,47056,65004,124257,0,0,0,0
2951R,B,100000,Predator_Free,0,1,2,3,66144,88393,115048,115027,0,0,0,0
2951R,B,125000,Predator_Free,0,1,2,3,115495,124664,133380,200810,0,0,0,0
2951R,B,0,Prey_Free,0,1,2,3,114,342,171,57,410,380,290,250
2951R,B,25000,Treatment,0,1,2,3,23531,10825,13787,7465,300,220,330,450
2951R,B,50000,Treatment,0,1,2,3,48146,20225,20966,14642,360,380,380,730
2951R,B,75000,Treatment,0,1,2,3,69570,31964,23193,15326,360,470,680,830
2951R,B,100000,Treatment,0,1,2,3,86946,55039,45534,27350,390,450,640,910
2951R,B,125000,Treatment,0,1,2,3,123241,75945,85254,54081,220,550,780,1600
2951R,C,0,Predator_Free,0,1,2,3,0,0,228,0,0,0,0,0
2951R,C,25000,Predator_Free,0,1,2,3,21484,24154,28883,56920,0,0,0,0
2951R,C,50000,Predator_Free,0,1,2,3,31391,36745,46785,63755,0,0,0,0
2951R,C,75000,Predator_Free,0,1,2,3,45405,57886,53666,136972,0,0,0,0
2951R,C,100000,Predator_Free,0,1,2,3,75714,68624,155732,194899,0,0,0,0
2951R,C,125000,Predator_Free,0,1,2,3,108025,97597,124654,250572,0,0,0,0
2951R,C,0,Prey_Free,0,1,2,3,0,57,114,3932,370,230,200,360
2951R,C,25000,Treatment,0,1,2,3,29739,10426,10255,17833,300,420,330,330
2951R,C,50000,Treatment,0,1,2,3,43982,15440,8375,22618,200,260,590,440
2951R,C,75000,Treatment,0,1,2,3,69848,32303,20283,27919,290,650,740,430
2951R,C,100000,Treatment,0,1,2,3,83194,36577,35269,40739,290,610,730,1080
2951R,C,125000,Treatment,0,1,2,3,110258,62620,43547,64051,310,400,890,940
1392,A,0,Predator_Free,0,1,2,3,57,57,114,570,0,0,0,0
1392,A,25000,Predator_Free,0,1,2,3,10312,6952,6495,9857,0,0,0,0
1392,A,50000,Predator_Free,0,1,2,3,29001,23076,17033,29055,0,0,0,0
1392,A,75000,Predator_Free,0,1,2,3,47689,33333,32419,34240,0,0,0,0
1392,A,100000,Predator_Free,0,1,2,3,56526,56806,39652,48203,0,0,0,0
1392,A,125000,Predator_Free,0,1,2,3,49114,43018,29056,38400,0,0,0,0
1392,A,0,Prey_Free,0,1,2,3,1424,912,741,1026,1170,1030,1080,560
1392,A,25000,Treatment,0,1,2,3,13619,1311,1709,3532,1110,1150,820,700
1392,A,50000,Treatment,0,1,2,3,29631,4047,3703,10198,520,810,850,1180
1392,A,75000,Treatment,0,1,2,3,42285,10542,7407,13047,1050,1280,1000,1370
1392,A,100000,Treatment,0,1,2,3,56357,14872,12706,18572,1420,640,1070,880
1392,A,125000,Treatment,0,1,2,3,53410,11455,9002,24498,1410,1050,840,1180
1392,B,0,Predator_Free,0,1,2,3,114,0,285,114,0,0,0,0
1392,B,25000,Predator_Free,0,1,2,3,12192,5527,6552,8205,0,0,0,0
1392,B,50000,Predator_Free,0,1,2,3,25185,19828,20282,18174,0,0,0,0
1392,B,75000,Predator_Free,0,1,2,3,43017,42333,29909,32645,0,0,0,0
1392,B,100000,Predator_Free,0,1,2,3,53900,54472,28543,55149,0,0,0,0
1392,B,125000,Predator_Free,0,1,2,3,63018,51335,28658,45979,0,0,0,0
1392,B,0,Prey_Free,0,1,2,3,1538,1482,399,627,1050,950,420,300
1392,B,25000,Treatment,0,1,2,3,9116,1652,1253,2507,1110,570,1090,630
1392,B,50000,Treatment,0,1,2,3,27188,5983,2735,5470,1030,800,700,1030
1392,B,75000,Treatment,0,1,2,3,42169,10314,7806,10312,1550,530,830,1140
1392,B,100000,Treatment,0,1,2,3,60001,14531,8603,13502,1280,1080,1180,1290
1392,B,125000,Treatment,0,1,2,3,56127,11681,9515,19486,1240,1130,1140,1340
1392,C,0,Predator_Free,0,1,2,3,57,0,0,57,0,0,0,0
1392,C,25000,Predator_Free,0,1,2,3,10028,6609,4843,6552,0,0,0,0
1392,C,50000,Predator_Free,0,1,2,3,28317,20569,12363,20340,0,0,0,0
1392,C,75000,Predator_Free,0,1,2,3,45021,37150,31563,36917,0,0,0,0
1392,C,100000,Predator_Free,0,1,2,3,59433,50254,24157,44950,0,0,0,0
1392,C,125000,Predator_Free,0,1,2,3,66776,63815,42218,56855,0,0,0,0
1392,C,0,Prey_Free,0,1,2,3,1140,912,741,684,1310,990,580,760
1392,C,25000,Treatment,0,1,2,3,9459,1710,1937,3020,1420,1270,930,880
1392,C,50000,Treatment,0,1,2,3,29123,4388,3020,7806,1310,1030,830,840
1392,C,75000,Treatment,0,1,2,3,37836,7921,5583,18973,1350,1330,1520,860
1392,C,100000,Treatment,0,1,2,3,52602,12935,8606,17664,1080,850,1240,1020
1392,C,125000,Treatment,0,1,2,3,60291,12024,11224,16924,1540,1220,1510,1230
1391,A,0,Predator_Free,0,1,2,3,456,171,57,171,0,0,0,0
1391,A,15000,Predator_Free,0,1,2,3,17318,13501,13045,26546,0,0,0,0
1391,A,40000,Predator_Free,0,1,2,3,43353,40332,30252,26490,0,0,0,0
1391,A,60000,Predator_Free,0,1,2,3,48263,62835,64656,68022,0,0,0,0
1391,A,75000,Predator_Free,0,1,2,3,74404,97307,65517,102661,0,0,0,0
1391,A,95000,Predator_Free,0,1,2,3,99528,105449,103566,106249,0,0,0,0
1391,A,0,Prey_Free,0,1,2,3,171,228,114,57,340,330,270,100
1391,A,15000,Treatment,0,1,2,3,18743,14188,6096,9572,510,480,280,370
1391,A,40000,Treatment,0,1,2,3,37665,28031,12021,20797,460,390,660,750
1391,A,60000,Treatment,0,1,2,3,73042,47174,25697,27692,490,560,350,990
1391,A,75000,Treatment,0,1,2,3,97213,68255,39374,27466,480,460,680,1080
1391,A,95000,Treatment,0,1,2,3,131491,82947,50484,41997,320,660,870,1120
1391,B,0,Predator_Free,0,1,2,3,0,0,114,57,0,0,0,0
1391,B,15000,Predator_Free,0,1,2,3,22445,21875,13387,14811,0,0,0,0
1391,B,40000,Predator_Free,0,1,2,3,39422,33040,35433,20735,0,0,0,0
1391,B,60000,Predator_Free,0,1,2,3,58109,64429,52074,47056,0,0,0,0
1391,B,75000,Predator_Free,0,1,2,3,88699,96672,41528,56510,0,0,0,0
1391,B,95000,Predator_Free,0,1,2,3,102483,116952,77474,75767,0,0,0,0
1391,B,0,Prey_Free,0,1,2,3,114,171,114,114,330,220,110,180
1391,B,15000,Treatment,0,1,2,3,21650,11509,9514,14185,320,290,350,530
1391,B,40000,Treatment,0,1,2,3,51285,21820,15953,21537,300,400,590,500
1391,B,60000,Treatment,0,1,2,3,74632,45009,22391,25753,280,410,510,180
1391,B,75000,Treatment,0,1,2,3,102609,58971,29856,26437,380,680,810,590
1391,B,95000,Treatment,0,1,2,3,130121,87451,35269,30542,440,630,630,1570
1391,C,0,Predator_Free,0,1,2,3,114,0,57,0,0,0,0,0
1391,C,15000,Predator_Free,0,1,2,3,17831,17774,16349,14641,0,0,0,0
1391,C,40000,Predator_Free,0,1,2,3,37884,51903,28215,26377,0,0,0,0
1391,C,60000,Predator_Free,0,1,2,3,55258,46313,46997,51214,0,0,0,0
1391,C,75000,Predator_Free,0,1,2,3,98611,78790,73145,114735,0,0,0,0
1391,C,95000,Predator_Free,0,1,2,3,97755,93538,84025,146673,0,0,0,0
1391,C,0,Prey_Free,0,1,2,3,228,111311,0,57,440,120,80,30
1391,C,15000,Treatment,0,1,2,3,16692,114,9573,8603,280,240,220,290
1391,C,40000,Treatment,0,1,2,3,44552,10882,19029,14528,220,280,530,380
1391,C,60000,Treatment,0,1,2,3,74744,40230,20339,26721,480,430,650,500
1391,C,75000,Treatment,0,1,2,3,96963,70820,30881,27064,380,330,790,720
1391,C,95000,Treatment,0,1,2,3,140264,111048,47747,45709,430,500,860,950
584,A,0,Predator_Free,0,1,2,3,57,171,0,0,0,0,0,0
584,A,25000,Predator_Free,0,1,2,3,18058,22388,35432,40047,0,0,0,0
584,A,50000,Predator_Free,0,1,2,3,46773,50540,69270,68815,0,0,0,0
584,A,75000,Predator_Free,0,1,2,3,60276,76965,90292,94791,0,0,0,0
584,A,100000,Predator_Free,0,1,2,3,93667,105516,122820,114333,0,0,0,0
584,A,125000,Predator_Free,0,1,2,3,98903,119527,155407,149101,0,0,0,0
584,A,0,Prey_Free,0,1,2,3,912,912,399,57,710,340,310,230
584,A,25000,Treatment,0,1,2,3,15325,4900,4102,10543,630,420,430,170
584,A,50000,Treatment,0,1,2,3,42051,17549,10313,10428,890,580,430,420
584,A,75000,Treatment,0,1,2,3,58516,25071,16297,19827,630,760,580,490
584,A,100000,Treatment,0,1,2,3,92758,49005,22790,28942,470,570,900,600
584,A,125000,Treatment,0,1,2,3,120275,64440,34243,33789,620,680,880,840
584,B,0,Predator_Free,0,1,2,3,57,0,0,0,0,0,0,0
584,B,25000,Predator_Free,0,1,2,3,18401,20964,31106,32755,0,0,0,0
584,B,50000,Predator_Free,0,1,2,3,39595,44954,68586,68075,0,0,0,0
584,B,75000,Predator_Free,0,1,2,3,62725,72124,88125,90068,0,0,0,0
584,B,100000,Predator_Free,0,1,2,3,95316,87457,114102,102658,0,0,0,0
584,B,125000,Predator_Free,0,1,2,3,120156,113090,151586,155354,0,0,0,0
584,B,0,Prey_Free,0,1,2,3,342,855,171,171,500,500,260,110
584,B,25000,Treatment,0,1,2,3,15156,4843,5241,6894,530,410,640,300
584,B,50000,Treatment,0,1,2,3,42559,14703,10084,11793,300,560,580,450
584,B,75000,Treatment,0,1,2,3,65756,30083,17037,17547,360,620,480,430
584,B,100000,Treatment,0,1,2,3,97151,33388,24841,25182,510,880,1040,610
584,B,125000,Treatment,0,1,2,3,123203,62342,36063,33559,660,890,130,1080
584,C,0,Predator_Free,0,1,2,3,171,114,171,114,0,0,0,0
584,C,25000,Predator_Free,0,1,2,3,18230,22388,33553,35945,0,0,0,0
584,C,50000,Predator_Free,0,1,2,3,38627,46050,65230,63349,0,0,0,0
584,C,75000,Predator_Free,0,1,2,3,65009,72462,82032,101516,0,0,0,0
584,C,100000,Predator_Free,0,1,2,3,95711,99475,124073,132565,0,0,0,0
584,C,125000,Predator_Free,0,1,2,3,110137,116058,142586,132168,0,0,0,0
584,C,0,Prey_Free,0,1,2,3,342,1652,285,57,310,320,130,80
584,C,25000,Treatment,0,1,2,3,17150,5071,6096,4615,580,380,310,130
584,C,50000,Treatment,0,1,2,3,46038,14530,13161,12194,480,580,420,380
584,C,75000,Treatment,0,1,2,3,64329,25355,13389,14016,530,500,350,400
584,C,100000,Treatment,0,1,2,3,95804,43931,32760,41591,260,450,660,490
584,C,125000,Treatment,0,1,2,3,114180,66262,31793,44724,390,640,730,1090
590,A,0,Predator_Free,0,1,2,3,114,570,399,57,0,0,0,0
590,A,25000,Predator_Free,0,1,2,3,15381,14985,10027,10027,0,0,0,0
590,A,50000,Predator_Free,0,1,2,3,35208,26846,20282,16122,0,0,0,0
590,A,75000,Predator_Free,0,1,2,3,55492,47930,42163,40053,0,0,0,0
590,A,100000,Predator_Free,0,1,2,3,85278,68315,67299,61644,0,0,0,0
590,A,125000,Predator_Free,0,1,2,3,92409,88151,71354,68146,0,0,0,0
590,A,0,Prey_Free,0,1,2,3,0,456,399,0,710,280,130,100
590,A,25000,Treatment,0,1,2,3,15384,8890,4273,13391,270,320,220,120
590,A,50000,Treatment,0,1,2,3,34015,19547,8490,17092,380,350,290,290
590,A,75000,Treatment,0,1,2,3,55668,33335,16461,29228,430,240,370,430
590,A,100000,Treatment,0,1,2,3,83924,54131,32881,61090,450,290,370,430
590,A,125000,Treatment,0,1,2,3,102523,74703,54874,56139,380,250,320,420
590,B,0,Predator_Free,0,1,2,3,0,57,57,114,0,0,0,0
590,B,25000,Predator_Free,0,1,2,3,19483,16921,10599,10539,0,0,0,0
590,B,50000,Predator_Free,0,1,2,3,38055,23247,18575,21363,0,0,0,0
590,B,75000,Predator_Free,0,1,2,3,56348,35501,43760,33898,0,0,0,0
590,B,100000,Predator_Free,0,1,2,3,78161,66377,56442,46488,0,0,0,0
590,B,125000,Predator_Free,0,1,2,3,95488,66443,66430,69802,0,0,0,0
590,B,0,Prey_Free,0,1,2,3,0,115,0,0,120,30,30,90
590,B,25000,Treatment,0,1,2,3,17490,7864,6894,13560,200,310,190,150
590,B,50000,Treatment,0,1,2,3,29513,19089,8490,18289,230,230,370,320
590,B,75000,Treatment,0,1,2,3,50994,35558,19999,27063,250,290,380,360
590,B,100000,Treatment,0,1,2,3,84956,50145,41033,37041,290,280,410,380
590,B,125000,Treatment,0,1,2,3,87645,69347,48268,48728,360,340,370,530
590,C,0,Predator_Free,0,1,2,3,57,0,0,57,0,0,0,0
590,C,25000,Predator_Free,0,1,2,3,17489,14471,9343,7691,0,0,0,0
590,C,50000,Predator_Free,0,1,2,3,52753,23019,32932,24555,0,0,0,0
590,C,75000,Predator_Free,0,1,2,3,58507,38179,45465,25580,0,0,0,0
590,C,100000,Predator_Free,0,1,2,3,83460,57612,62519,44614,0,0,0,0
590,C,125000,Predator_Free,0,1,2,3,105549,85020,66507,66046,0,0,0,0
590,C,0,Prey_Free,0,1,2,3,0,114,57,57,180,110,130,80
590,C,25000,Treatment,0,1,2,3,16408,10086,4046,9345,170,230,200,120
590,C,50000,Treatment,0,1,2,3,38520,16525,11567,19087,150,330,260,320
590,C,75000,Treatment,0,1,2,3,50587,35044,28203,25813,500,280,450,290
590,C,100000,Treatment,0,1,2,3,76919,57841,43312,45424,250,450,380,360
590,C,125000,Treatment,0,1,2,3,92046,75611,60401,56591,470,290,350,320
1393,A,0,Predator_Free,0,1,2,3,171,57,0,114,0,0,0,0
1393,A,25000,Predator_Free,0,1,2,3,5982,3077,3134,3361,0,0,0,0
1393,A,50000,Predator_Free,0,1,2,3,12818,6495,4957,8260,0,0,0,0
1393,A,75000,Predator_Free,0,1,2,3,16463,9742,9628,12703,0,0,0,0
1393,A,100000,Predator_Free,0,1,2,3,26831,14015,11963,13387,0,0,0,0
1393,A,125000,Predator_Free,0,1,2,3,33554,14300,12760,21647,0,0,0,0
1393,A,0,Prey_Free,0,1,2,3,171,0,114,0,370,370,340,210
1393,A,25000,Treatment,0,1,2,3,6609,1766,1424,4330,500,360,430,290
1393,A,50000,Treatment,0,1,2,3,10540,4274,4672,5184,480,430,480,340
1393,A,75000,Treatment,0,1,2,3,19883,7067,4330,10824,380,670,430,510
1393,A,100000,Treatment,0,1,2,3,20566,8945,7805,22275,300,490,710,400
1393,A,125000,Treatment,0,1,2,3,32587,11224,8432,20623,480,640,730,390
1393,B,0,Predator_Free,0,1,2,3,0,57,228,0,0,0,0,0
1393,B,25000,Predator_Free,0,1,2,3,5868,4558,4614,6893,0,0,0,0
1393,B,50000,Predator_Free,0,1,2,3,12305,4728,3133,4956,0,0,0,0
1393,B,75000,Predator_Free,0,1,2,3,19198,8432,6837,13558,0,0,0,0
1393,B,100000,Predator_Free,0,1,2,3,27971,9286,9001,26033,0,0,0,0
1393,B,125000,Predator_Free,0,1,2,3,31047,12193,9456,32356,0,0,0,0
1393,B,0,Prey_Free,0,1,2,3,57,0,171,0,370,130,460,130
1393,B,25000,Treatment,0,1,2,3,5640,1368,2450,5127,210,210,430,230
1393,B,50000,Treatment,0,1,2,3,11509,3818,3419,8944,360,400,440,170
1393,B,75000,Treatment,0,1,2,3,21309,6097,6723,9001,340,300,460,280
1393,B,100000,Treatment,0,1,2,3,24441,6381,7749,12022,630,420,580,210
1393,B,125000,Treatment,0,1,2,3,31790,12078,6723,14299,570,540,580,450
1393,C,0,Predator_Free,0,1,2,3,57,57,57,57,0,0,0,0
1393,C,25000,Predator_Free,0,1,2,3,5355,3589,5014,5583,0,0,0,0
1393,C,50000,Predator_Free,0,1,2,3,11166,5697,5185,7690,0,0,0,0
1393,C,75000,Predator_Free,0,1,2,3,19084,7806,6779,11108,0,0,0,0
1393,C,100000,Predator_Free,0,1,2,3,21877,13160,10596,17602,0,0,0,0
1393,C,125000,Predator_Free,0,1,2,3,27404,16750,16294,16235,0,0,0,0
1393,C,0,Prey_Free,0,1,2,3,114,0,0,0,370,320,380,150
1393,C,25000,Treatment,0,1,2,3,6894,969,2108,6836,240,350,240,210
1393,C,50000,Treatment,0,1,2,3,13446,3590,2963,10881,180,430,460,220
1393,C,75000,Treatment,0,1,2,3,18631,5071,3818,12818,400,240,330,370
1393,C,100000,Treatment,0,1,2,3,24045,6097,6837,11451,480,530,470,350
1393,C,125000,Treatment,0,1,2,3,28886,9174,6665,15667,530,520,580,480
1393 R,A,0,Predator_Free,0,1,2,3,114,0,114,570,0,0,0,0
1393 R,A,25000,Predator_Free,0,1,2,3,26042,30258,6495,9857,0,0,0,0
1393 R,A,50000,Predator_Free,0,1,2,3,40061,65193,17033,29055,0,0,0,0
1393 R,A,75000,Predator_Free,0,1,2,3,51690,95396,32419,34240,0,0,0,0
1393 R,A,100000,Predator_Free,0,1,2,3,78586,125996,39652,48203,0,0,0,0
1393 R,A,125000,Predator_Free,0,1,2,3,88789,180906,29056,38400,0,0,0,0
1393 R,A,0,Prey_Free,0,1,2,3,0,57,741,1026,350,130,130,90
1393 R,A,25000,Treatment,0,1,2,3,22225,24678,1709,3532,430,240,350,430
1393 R,A,50000,Treatment,0,1,2,3,45024,56254,3703,10198,420,280,320,510
1393 R,A,75000,Treatment,0,1,2,3,60239,78762,7407,13047,430,310,330,500
1393 R,A,100000,Treatment,0,1,2,3,87654,134214,12706,18572,450,390,280,520
1393 R,A,125000,Treatment,0,1,2,3,127430,188747,9002,24498,490,400,320,320
1393 R,B,0,Predator_Free,0,1,2,3,0,57,285,114,0,0,0,0
1393 R,B,25000,Predator_Free,0,1,2,3,21996,31797,6552,8205,0,0,0,0
1393 R,B,50000,Predator_Free,0,1,2,3,39035,64338,20282,18174,0,0,0,0
1393 R,B,75000,Predator_Free,0,1,2,3,51748,97108,29909,32645,0,0,0,0
1393 R,B,100000,Predator_Free,0,1,2,3,74144,138886,28543,55149,0,0,0,0
1393 R,B,125000,Predator_Free,0,1,2,3,107308,171927,28658,45979,0,0,0,0
1393 R,B,0,Prey_Free,0,1,2,3,57,0,399,627,350,150,80,150
1393 R,B,25000,Treatment,0,1,2,3,23766,23140,1253,2507,350,180,380,530
1393 R,B,50000,Treatment,0,1,2,3,45992,54885,2735,5470,520,460,470,780
1393 R,B,75000,Treatment,0,1,2,3,58587,82699,7806,10312,380,400,480,680
1393 R,B,100000,Treatment,0,1,2,3,90502,136775,8603,13502,580,260,300,510
1393 R,B,125000,Treatment,0,1,2,3,116488,176415,9515,19486,540,320,270,390
1393 R,C,0,Predator_Free,0,1,2,3,798,1082,0,57,0,0,0,0
1393 R,C,25000,Predator_Free,0,1,2,3,20058,31399,4843,6552,0,0,0,0
1393 R,C,50000,Predator_Free,0,1,2,3,42684,69928,12363,20340,0,0,0,0
1393 R,C,75000,Predator_Free,0,1,2,3,58869,97513,31563,36917,0,0,0,0
1393 R,C,100000,Predator_Free,0,1,2,3,111640,141385,24157,44950,0,0,0,0
1393 R,C,125000,Predator_Free,0,1,2,3,107997,163898,42218,56855,0,0,0,0
1393 R,C,0,Prey_Free,0,1,2,3,285,114,741,684,180,180,30,60
1393 R,C,25000,Treatment,0,1,2,3,23023,26955,1937,3020,310,350,380,400
1393 R,C,50000,Treatment,0,1,2,3,46276,58474,3020,7806,300,330,420,550
1393 R,C,75000,Treatment,0,1,2,3,52605,63951,5583,18973,490,410,500,780
1393 R,C,100000,Treatment,0,1,2,3,93177,122079,8606,17664,530,400,410,390
1393 R,C,125000,Treatment,0,1,2,3,132107,174997,11224,16924,500,400,430,320
1391 R,A,0,Predator_Free,0,1,2,3,57,5719,114,1823,0,0,0,0
1391 R,A,25000,Predator_Free,0,1,2,3,43932,4924,23757,50249,0,0,0,0
1391 R,A,50000,Predator_Free,0,1,2,3,86787,4892,47002,49225,0,0,0,0
1391 R,A,75000,Predator_Free,0,1,2,3,125201,4995,59995,124858,0,0,0,0
1391 R,A,100000,Predator_Free,0,1,2,3,153587,4897,99588,96287,0,0,0,0
1391 R,A,125000,Predator_Free,0,1,2,3,185567,5018,138232,114750,0,0,0,0
1391 R,A,0,Prey_Free,0,1,2,3,0,0,1368,5299,220,320,130,150
1391 R,A,25000,Treatment,0,1,2,3,43821,5005,20853,28035,250,380,380,690
1391 R,A,50000,Treatment,0,1,2,3,83657,5048,31400,26722,170,320,420,790
1391 R,A,75000,Treatment,0,1,2,3,128792,4911,64441,41652,180,340,630,1010
1391 R,A,100000,Treatment,0,1,2,3,154543,4842,80342,47745,250,270,350,1020
1391 R,A,125000,Treatment,0,1,2,3,215657,4979,118529,78400,200,380,730,890
1391 R,B,0,Predator_Free,0,1,2,3,912,4642,0,171,0,0,0,0
1391 R,B,25000,Predator_Free,0,1,2,3,48663,4861,25525,42331,0,0,0,0
1391 R,B,50000,Predator_Free,0,1,2,3,96924,5012,42161,57354,0,0,0,0
1391 R,B,75000,Predator_Free,0,1,2,3,125699,5071,66430,90415,0,0,0,0
1391 R,B,100000,Predator_Free,0,1,2,3,164808,4925,111491,111434,0,0,0,0
1391 R,B,125000,Predator_Free,0,1,2,3,201437,4972,137880,119871,0,0,0,0
1391 R,B,0,Prey_Free,0,1,2,3,57,7074,114,57,340,230,240,140
1391 R,B,25000,Treatment,0,1,2,3,43203,5108,14644,18975,220,370,780,460
1391 R,B,50000,Treatment,0,1,2,3,83434,4912,32019,36351,250,420,720,480
1391 R,B,75000,Treatment,0,1,2,3,118366,5005,50371,22903,340,220,590,630
1391 R,B,100000,Treatment,0,1,2,3,166356,4899,75436,38742,280,270,530,720
1391 R,B,125000,Treatment,0,1,2,3,182724,4919,121590,89676,240,330,600,860
1391 R,C,0,Predator_Free,0,1,2,3,0,0,0,57,0,0,0,0
1391 R,C,25000,Predator_Free,0,1,2,3,45082,4843,22336,25180,0,0,0,0
1391 R,C,50000,Predator_Free,0,1,2,3,85320,4874,40167,53328,0,0,0,0
1391 R,C,75000,Predator_Free,0,1,2,3,122342,4937,84098,84439,0,0,0,0
1391 R,C,100000,Predator_Free,0,1,2,3,167083,4939,93150,156334,0,0,0,0
1391 R,C,125000,Predator_Free,0,1,2,3,192074,4914,122213,140212,0,0,0,0
1391 R,C,0,Prey_Free,0,1,2,3,114,1739,171,0,220,200,110,80
1391 R,C,25000,Treatment,0,1,2,3,42177,4974,15670,12534,230,220,430,330
1391 R,C,50000,Treatment,0,1,2,3,91218,4940,33051,17037,320,350,590,550
1391 R,C,75000,Treatment,0,1,2,3,122472,4928,51223,21425,280,430,330,570
1391 R,C,100000,Treatment,0,1,2,3,152212,4886,73058,52761,280,250,480,760
1391 R,C,125000,Treatment,0,1,2,3,196769,4910,121595,92706,290,210,150,630
1391,A,0,Predator_Free,0,1,2,3,0,228,0,228,0,0,0,0
1391,A,25000,Predator_Free,0,1,2,3,9117,8148,11568,12477,0,0,0,0
1391,A,50000,Predator_Free,0,1,2,3,19433,20741,15498,14870,0,0,0,0
1391,A,75000,Predator_Free,0,1,2,3,29515,28036,35447,30197,0,0,0,0
1391,A,100000,Predator_Free,0,1,2,3,45980,37036,42455,32978,0,0,0,0
1391,A,125000,Predator_Free,0,1,2,3,47064,50715,45818,45771,0,0,0,0
1391,A,0,Prey_Free,0,1,2,3,285,0,0,114,1060,860,680,390
1391,A,25000,Treatment,0,1,2,3,9119,2907,4901,7920,1020,570,720,750
1391,A,50000,Treatment,0,1,2,3,15272,8718,6953,6268,620,1030,870,1030
1391,A,75000,Treatment,0,1,2,3,27469,6496,7466,11110,1000,820,1080,940
1391,A,100000,Treatment,0,1,2,3,37959,14018,9402,11909,1030,840,1350,1300
1391,A,125000,Treatment,0,1,2,3,56192,17721,12422,18346,920,1330,930,900
1391,B,0,Predator_Free,0,1,2,3,57,0,0,57,0,0,0,0
1391,B,25000,Predator_Free,0,1,2,3,9858,10656,12195,15611,0,0,0,0
1391,B,50000,Predator_Free,0,1,2,3,16183,18462,18178,33156,0,0,0,0
1391,B,75000,Predator_Free,0,1,2,3,32818,24672,31567,38172,0,0,0,0
1391,B,100000,Predator_Free,0,1,2,3,50313,45645,43992,63526,0,0,0,0
1391,B,125000,Predator_Free,0,1,2,3,63421,47631,59607,76622,0,0,0,0
1391,B,0,Prey_Free,0,1,2,3,57,171,171,114,840,730,790,580
1391,B,25000,Treatment,0,1,2,3,7124,2963,4046,5869,1130,1050,830,810
1391,B,50000,Treatment,0,1,2,3,15045,5527,5642,10827,1010,500,880,990
1391,B,75000,Treatment,0,1,2,3,27298,7067,11874,16810,860,1120,1050,1040
1391,B,100000,Treatment,0,1,2,3,43651,13676,15728,17095,820,980,1220,1210
1391,B,125000,Treatment,0,1,2,3,47584,17551,19600,23019,1060,1000,1340,940
1391,C,0,Predator_Free,0,1,2,3,0,114,114,0,0,0,0,0
1391,C,25000,Predator_Free,0,1,2,3,7864,7977,10770,19206,0,0,0,0
1391,C,50000,Predator_Free,0,1,2,3,18519,13618,16865,23990,0,0,0,0
1391,C,75000,Predator_Free,0,1,2,3,31794,20228,30603,49974,0,0,0,0
1391,C,100000,Predator_Free,0,1,2,3,40233,27577,34699,47180,0,0,0,0
1391,C,125000,Predator_Free,0,1,2,3,69238,41137,38007,69281,0,0,0,0
1391,C,0,Prey_Free,0,1,2,3,171,0,57,342,940,790,730,330
1391,C,25000,Treatment,0,1,2,3,6496,2736,4730,10713,780,630,890,810
1391,C,50000,Treatment,0,1,2,3,12937,4844,9174,6723,890,870,840,1090
1391,C,75000,Treatment,0,1,2,3,22337,4672,5698,12194,580,1070,1060,930
1391,C,100000,Treatment,0,1,2,3,34762,9003,12708,22677,980,1080,1180,1430
1391,C,125000,Treatment,0,1,2,3,41710,14303,11510,18231,420,1480,1350,1480
